# Legacy illustrative resin coefficients, retained for reproducibility.
# The original entries cited a generic manufacturer support page, without a
# retrievable measurement table or batch/cure conditions. Their provenance has
# NOT been independently verified. Do not treat these as certified resin data.
# V4 was described as a Cauchy fit over 486-656 nm; the declared interval only
# prevents extrapolation beyond that historical claim. V5 is a constant-index
# approximation and supplies no evidence for chromatic behavior.
name,model,c1,c2,c3,c4,c5,c6,source,wavelength_min_um,wavelength_max_um,notes
FORMLABS_CLEAR_V4,cauchy,1.484022873,0.011281974,-0.000989565,,,,Legacy repository coefficients; primary measurement source unverified,0.486,0.656,Illustrative fit; historical interval is not a certified validity claim
FORMLABS_CLEAR_V5,constant,1.6177,,,,,,Legacy repository constant; primary measurement source unverified,,,Illustrative constant; dispersion and validity interval unknown
